id,lat,lon,date,year,month,source
4404981851,34.37583,-116.6603,2002-03-25,2002,3,gbif
4104087409,34.62991,-119.37119,2022-04-29,2022,4,gbif
4068943594,33.668611,-115.801917,2010-04-01,2010,4,gbif
4068898829,33.836028,-115.744389,2010-04-01,2010,4,gbif
4010574303,33.8075,-118.1772,2019-04-24,2019,4,gbif
3921044309,34.035332,-118.04485,2019-03-03,2019,3,gbif
3872259306,34.10132,-119.08132,2022-04-24,2022,4,gbif
3821836302,34.685856,-115.405534,2022-04-18,2022,4,gbif
3467259310,34.5617,-116.78,2013-06-12,2013,6,gbif
3406855596,34.274722,-116.468611,2013-12-04,2013,12,gbif
3406832280,34.220924,-118.906984,2001-04-20,2001,4,gbif
3391951330,34.2747,-116.494,2013-12-04,2013,12,gbif
3125188855,33.1,-116.45,2002-04-06,2002,4,gbif
3125186828,33.3761,-116.4424,2006-03-25,2006,3,gbif
3125184836,33.39583,-117.59194,2006-12-09,2006,12,gbif
3125182820,33.09813,-117.31771,2007-02-23,2007,2,gbif
3125139802,32.86,-116.93806,2017-09-13,2017,9,gbif
3125056841,32.5423,-117.1032,2004-12-17,2004,12,gbif
3125055811,33.06712,-117.10267,2013-03-26,2013,3,gbif
3125049813,33.27153,-117.38168,2007-04-09,2007,4,gbif
3053437233,35.0743,-117.1575,2017-04-08,2017,4,gbif
3053375702,35.3234182,-120.1336966,2002-01-15,2002,1,gbif
3015531303,33.9508,-116.639,2001-04-29,2001,4,gbif
2982043493,34.123436,-116.036583,2010-05-23,2010,5,gbif
2626944457,38.5655,-121.71326,2005-05-22,2005,5,gbif
2610096210,34.49942,-118.47966,2017-08-31,2017,8,gbif
2610096110,35.7335,-117.916067,2018-11-17,2018,11,gbif
2575161232,33.85,-116.58,2001-03-10,2001,3,gbif
2459732851,33.8366,-118.2028,2018-03-25,2018,3,gbif
2450409091,33.7608,-118.1077,2018-02-05,2018,2,gbif
2430544602,35.56629,-119.878534,2013-03-07,2013,3,gbif
2430517060,33.737056,-115.809111,2013-03-22,2013,3,gbif
2430487420,34.238528,-116.501444,2013-05-09,2013,5,gbif
2430394904,33.63787,-115.63718,2014-03-20,2014,3,gbif
2430327674,34.18137,-116.44857,2014-04-27,2014,4,gbif
2430320150,34.38185,-116.70609,2014-04-24,2014,4,gbif
2430303354,33.291,-117.2919,2015-05-06,2015,5,gbif
2430293351,34.488058,-115.027275,2016-06-01,2016,6,gbif
2430292397,34.27134,-116.48051,2014-04-24,2014,4,gbif
2430277246,33.9599,-116.6446,2011-03-27,2011,3,gbif
2430227262,33.5598,-115.66083,2014-04-02,2014,4,gbif
2430072115,34.32198,-116.58622,2014-03-29,2014,3,gbif
2430064484,32.535722,-117.119167,2013-03-13,2013,3,gbif
2422500203,33.43032,-115.4707,2015-03-11,2015,3,gbif
2422485701,33.94908,-116.67342,2010-11-12,2010,11,gbif
2422474812,34.00158,-116.55943,2011-02-02,2011,2,gbif
2422472483,33.62107,-115.91232,2011-02-09,2011,2,gbif
2422464258,33.83577,-116.12915,2009-02-28,2009,2,gbif
2422464226,33.98556,-117.305,2010-04-24,2010,4,gbif
2422404771,33.4575,-115.7275,2005-01-14,2005,1,gbif
2421743298,33.145833,-117.310278,2004-05-07,2004,5,gbif
2421712450,35.112823,-118.191977,2010-05-03,2010,5,gbif
2421695737,34.733333,-115.668889,2005-03-27,2005,3,gbif
2421695652,36.098577,-118.946131,2006-04-20,2006,4,gbif
2413156984,33.7345,-118.0423,2018-03-27,2018,3,gbif
2413150890,33.6227,-117.888,2018-03-03,2018,3,gbif
2412541115,33.7546,-118.099864,2017-03-14,2017,3,gbif
2412540003,33.907669,-116.673416,2017-03-09,2017,3,gbif
2412539997,33.633333,-117.383333,2012-04-07,2012,4,gbif
2412539950,33.38,-117.23,2012-04-07,2012,4,gbif
2412539884,33.616667,-117.433333,2012-04-07,2012,4,gbif
2412539774,33.770732,-118.135318,2016-04-22,2016,4,gbif
2270251372,34.0918,-119.05226,2000-04-14,2000,4,gbif
2270194619,35.002778,-119.5825,2005-04-30,2005,4,gbif
2270193988,35.783611,-120.790556,2002-07-02,2002,7,gbif
po247845,35.707402,-117.893768,2019-03-28,2019,3,calflora
JEPS108704,34.011112,-116.51889,2001-06-06,2001,6,calflora
IRVC26210,34.41333,-118.67583,2003-06-19,2003,6,calflora
csusb92199,34.410831,-117.422,2009-04-28,2009,4,calflora
1233025,36.785433,-120.799117,2010-01-13,2010,1,calflora
RSA0200427,34.31408,-114.7757,2018-10-30,2018,10,calflora
SFV105308,35.318,-118.08,2012-03-16,2012,3,calflora
SD148403,32.73361,-117.13056,2000-03-17,2000,3,calflora
SD148405,32.7225,-117.1175,1999-12-17,1999,12,calflora
SD182691,33.2347,-117.4181,2007-04-10,2007,4,calflora
SD212542,33.08972,-117.31139,2005-04-15,2005,4,calflora
5802750,33.632306,-117.774061,2017-06-13,2017,6,calflora
4129754,33.4745,-117.6771,2020-11-29,2020,11,calflora
OBI186708,34.71866,-118.74298,2022-05-18,2022,5,calflora
5682507,34.62674,-118.73763,2022-08-22,2022,8,calflora
5682592,34.65602,-118.75124,2022-08-25,2022,8,calflora
OBI176423,36.7788,-120.8163,2018-05-03,2018,5,calflora
